"Txhash","Blockno","UnixTimestamp","DateTime","From","To","Quantity","Method"
"0x8ca0e512882cbb7d01c08a4139d833ee2483179a92d0e4c882252b48fa062f69","10564752","1630587532","2021-09-02 12:58:52","0xab6438778af8baaa4574cbdf1d6ddefb90499b17","0x2882175bf51fba6359678deee4a2ff14a4ff32a0","11.020486910139959887","Swap Exact ETH For Tokens"
"0xc3cf21d7e0d8fadddc39cd536e04de1232a346b51262f45881c6b80f12d1629c","10565340","1630589298","2021-09-02 13:28:18","0xab6438778af8baaa4574cbdf1d6ddefb90499b17","0x2882175bf51fba6359678deee4a2ff14a4ff32a0","109,315.753828153178255365","Swap Exact ETH For Tokens"
"0xbf1c902fc74267bfb81aa439304f6e16a88630d2e536a2253194d99dd1eb0419","10565680","1630590324","2021-09-02 13:45:24","0x2882175bf51fba6359678deee4a2ff14a4ff32a0","0x0000000000000000000000000000000000000000","109,326.774315063318215252","Create Stake"
"0xf4d103219ff084a933c944fcd93a32acf39b07155c2f21978054d88dcab1048f","10566376","1630592420","2021-09-02 14:20:20","0xab6438778af8baaa4574cbdf1d6ddefb90499b17","0x2882175bf51fba6359678deee4a2ff14a4ff32a0","12,120.404100514965416254","Swap Exact ETH For Tokens"
"0x2782c3cf01628712d49c0a09010c523c8cc1ef82d2a9c637eba125369b1340bc","10566596","1630593088","2021-09-02 14:31:28","0xab6438778af8baaa4574cbdf1d6ddefb90499b17","0x2882175bf51fba6359678deee4a2ff14a4ff32a0","10,544.319512117763769854","Swap Exact ETH For Tokens"
"0x3544850fcf2a6e462c1563acc4a122fdf368ce8c5e4f0c4940449a7d29774ef0","10566962","1630594186","2021-09-02 14:49:46","0xab6438778af8baaa4574cbdf1d6ddefb90499b17","0x2882175bf51fba6359678deee4a2ff14a4ff32a0","11,296.201288481791392643","Swap Exact ETH For Tokens"
"0x80d9be70a73948ab69f4ceed0c4961d525eaaaaed9040cc634de51d0fd719f15","10576748","1630623916","2021-09-02 23:05:16","0x2882175bf51fba6359678deee4a2ff14a4ff32a0","0x0000000000000000000000000000000000000000","33,960.924901114520578751","Create Stake"
"0xf4a8f9bdbc77b6a1bdb369cdf9040d43bfa21051f140cf71be427cc534a53db7","10576823","1630624141","2021-09-02 23:09:01","0xab6438778af8baaa4574cbdf1d6ddefb90499b17","0x2882175bf51fba6359678deee4a2ff14a4ff32a0","8,703.422787276486510141","Swap Exact ETH For Tokens"
"0x4d1598f3c31d3f48211e9f80a7d0b18525589a112dcaf3a2774cf9448c5c058e","10588365","1630659319","2021-09-03 08:55:19","0xab6438778af8baaa4574cbdf1d6ddefb90499b17","0x2882175bf51fba6359678deee4a2ff14a4ff32a0","5,768.50243398935531981","Swap Exact ETH For Tokens"
"0x631e3b7560ef7abb5f50c4d06cb6b1ad75bfbcf43e656b69508e2b4383967c93","11681305","1633958664","2021-10-11 13:24:24","0x0000000000000000000000000000000000000000","0x2882175bf51fba6359678deee4a2ff14a4ff32a0","99,851.544445088394326061","Scrape Interest"
"0x17f210b38bcd6666c3f2d2d0d901333b0bfb3c526d715d85afc54c4f0846158e","11681314","1633958691","2021-10-11 13:24:51","0x0000000000000000000000000000000000000000","0x2882175bf51fba6359678deee4a2ff14a4ff32a0","65,141.562722724228840906","Scrape Interest"
"0x215a4b63776ec5544c300c72b833490b94f0682d2c8e77e9dd0471862f4ae2b8","11707911","1634041037","2021-10-12 12:17:17","0x0000000000000000000000000000000000000000","0x2882175bf51fba6359678deee4a2ff14a4ff32a0","48,349.304905025524144186","Scrape Interest"
"0xb03f553d45e27455fcba8c70fd0b881c670310a9d5e060f8922bacfa6990f88f","11707959","1634041181","2021-10-12 12:19:41","0x0000000000000000000000000000000000000000","0x2882175bf51fba6359678deee4a2ff14a4ff32a0","292,830.783656545284975944","Scrape Interest"
